1463561955303	G	331.607301220624	202.2856006891115	GazeData TS:51849167
1463561955303	G	333.8492213921527	205.03487038051497	GazeData TS:51849183
1463561955333	G	331.4231339276301	204.8901694228992	GazeData TS:51849199
1463561955353	G	332.4605482277048	203.83301198035218	GazeData TS:51849216
1463561955353	G	332.6796667036199	201.60590258473667	GazeData TS:51849233
1463561955384	G	330.9240858354124	201.79823095002843	GazeData TS:51849249
1463561955385	G	330.8541285143892	200.17649754474172	GazeData TS:51849266
1463561955415	G	332.21279486853143	201.17916587665013	GazeData TS:51849283
1463561955425	G	331.5617725279469	201.71484355298782	GazeData TS:51849300
1463561955445	G	331.6774910923328	202.31972860016776	GazeData TS:51849317
1463561955455	G	331.58967987381504	203.36208679666657	GazeData TS:51849333
1463561955475	G	330.82351944412204	201.65927314907566	GazeData TS:51849350
1463561955485	G	330.7890529183498	200.9687908908519	GazeData TS:51849366
1463561955505	G	331.11425534675766	200.59777067058775	GazeData TS:51849383
1463561955520	G	330.3446718897529	200.75388748478917	GazeData TS:51849399
1463561955540	G	330.0200032068058	200.36474277077787	GazeData TS:51849416
1463561955550	G	329.9954625907383	198.98769488098173	GazeData TS:51849433
1463561955570	G	331.0846858452545	199.07686948043244	GazeData TS:51849449
1463561955600	G	331.1893821636852	198.84797160891839	GazeData TS:51849466
1463561955600	G	331.72751601948227	199.80300989317885	GazeData TS:51849483
1463561955630	G	332.01766397515615	201.48071836880354	GazeData TS:51849499
1463561955651	G	331.574579544111	200.74076472878073	GazeData TS:51849516
1463561955651	G	331.9141832719164	200.81926977440128	GazeData TS:51849533
1463561955681	G	332.513961784238	201.54159058107132	GazeData TS:51849550
1463561955691	G	332.6035736964665	201.1523445708816	GazeData TS:51849566
1463561955711	G	332.37526501094874	201.24931905524733	GazeData TS:51849583
1463561955721	G	332.45103353689683	200.43280032590775	GazeData TS:51849599
1463561955741	G	333.19420665063984	201.19663353987715	GazeData TS:51849616
1463561955751	G	332.83403257953415	200.7299757796568	GazeData TS:51849633
1463561955771	G	333.3989593939223	200.40146940720058	GazeData TS:51849649
1463561955822	G	308.05259659578536	115.13234937673545	GazeData TS:51849700
1463561955852	G	312.94608263757914	117.16343723146653	GazeData TS:51849716
1463561955852	G	314.4584004100809	120.89530463329099	GazeData TS:51849733
1463561955882	G	317.4156226691205	120.44769911933675	GazeData TS:51849749
1463561955882	G	317.7321217198174	121.83081311316137	GazeData TS:51849766
1463561955913	G	317.9881049926857	123.72088063131142	GazeData TS:51849782
1463561955923	G	319.2330866297795	124.33958755915879	GazeData TS:51849800
1463561955943	G	320.3265778103479	124.13262805839906	GazeData TS:51849816
1463561955963	G	321.0428325473599	125.12718969383995	GazeData TS:51849833
1463561956003	G	204.62667789445885	192.6442052181814	GazeData TS:51849882
1463561956024	G	205.71218632757547	197.405914686828	GazeData TS:51849899
1463561956034	G	205.8911129173248	201.28838227753565	GazeData TS:51849916
1463561956054	G	202.68742459541443	195.6925558430814	GazeData TS:51849933
1463561956084	G	203.84465541826214	195.80829489361332	GazeData TS:51849949
1463561956084	G	202.3909408380891	193.96211254985354	GazeData TS:51849966
1463561956104	G	203.6913658704973	193.9371122636564	GazeData TS:51849982
1463561956135	G	206.89709916960575	197.47864387779833	GazeData TS:51849999
1463561956135	G	209.41030764869603	202.1650143729069	GazeData TS:51850016
1463561956165	G	209.64173345315743	203.51746825562736	GazeData TS:51850033
1463561956165	G	210.40123663702565	204.44318217004403	GazeData TS:51850049
1463561956195	G	208.72469931652935	202.95655923578636	GazeData TS:51850066
1463561956235	G	106.5690143216222	89.19029068268364	GazeData TS:51850115
1463561956255	G	110.21720742146624	92.1001677178288	GazeData TS:51850132
1463561956266	G	105.4514496426254	87.80576884378208	GazeData TS:51850149
1463561956286	G	104.80265653926513	86.5775510794551	GazeData TS:51850165
1463561956307	G	104.53940354113531	88.33188957790742	GazeData TS:51850182
1463561956317	G	103.6618346695952	88.91650023712744	GazeData TS:51850199
1463561956338	G	104.09036704934552	88.02644459506502	GazeData TS:51850215
1463561956368	G	104.96685845074698	88.83104048590198	GazeData TS:51850232
1463561956368	G	104.39909807197064	87.48346496445222	GazeData TS:51850248
1463561956398	G	106.19068287885581	87.56418122297696	GazeData TS:51850265
1463561956408	G	105.98962556950724	87.46140662063425	GazeData TS:51850282
1463561956429	G	107.22796718207292	87.59462844880329	GazeData TS:51850298
1463561956439	G	107.38428890930282	87.78445890799684	GazeData TS:51850316
1463561956459	G	107.11369598722106	89.01650881353139	GazeData TS:51850332
1463561956479	G	107.22093086517964	89.70260316053131	GazeData TS:51850349
1463561956489	G	107.81664553526402	90.3447123712742	GazeData TS:51850365
1463561956509	G	108.14364366018589	90.88310645068537	GazeData TS:51850382
1463561956519	G	109.00241733251998	92.09227171342823	GazeData TS:51850398
1463561956539	G	109.7710385806789	93.39604464830705	GazeData TS:51850415
1463561956549	G	109.59342467265503	93.49887472709392	GazeData TS:51850431
1463561956570	G	109.394229495734	93.58584032298711	GazeData TS:51850449
1463561956600	G	110.45764166810217	94.69024852179027	GazeData TS:51850466
1463561956600	G	110.02419907380958	95.00135326996923	GazeData TS:51850482
1463561956630	G	110.2873882445942	95.24938288825948	GazeData TS:51850499
1463561956650	G	109.95281219490012	96.1750440052981	GazeData TS:51850515
1463561956651	G	110.14701309924688	97.76930120039336	GazeData TS:51850532
1463561956680	G	110.05673963229836	98.44177157669974	GazeData TS:51850548
1463561956690	G	110.03378418578151	99.65410163822588	GazeData TS:51850565
1463561956741	G	223.4826756533985	99.49114879073782	GazeData TS:51850615
1463561956771	G	218.2908322401681	101.03472507063053	GazeData TS:51850648
1463561956791	G	213.41867674118254	98.20284599915648	GazeData TS:51850665
1463561956801	G	210.4593628242139	95.20962896251156	GazeData TS:51850682
1463561956821	G	210.13070077559033	94.09338133237665	GazeData TS:51850698
1463561956831	G	210.92424079775975	94.10113342326515	GazeData TS:51850715
1463561956851	G	210.79157949683503	92.97281005308355	GazeData TS:51850731
1463561956882	G	210.80296989328744	93.41035587391778	GazeData TS:51850748
1463561956882	G	211.47366878643194	93.01441677576739	GazeData TS:51850765
1463561956963	G	123.80625671232153	106.3777912942379	GazeData TS:51850832
1463561956973	G	125.80388074151315	108.60215743547559	GazeData TS:51850848
1463561956994	G	125.73116338203165	110.71985167947595	GazeData TS:51850865
1463561957003	G	124.46167625716404	109.51368633271694	GazeData TS:51850882
1463561957023	G	124.91997989296596	109.10467866548886	GazeData TS:51850898
1463561957033	G	125.92488841473501	108.89109526893117	GazeData TS:51850915
1463561957054	G	127.2101424004744	109.7490310233	GazeData TS:51850931
1463561957116	G	294.4734012344588	253.02596883495062	GazeData TS:51850998
1463561957147	G	293.57604585520784	252.4778957614215	GazeData TS:51851015
1463561957167	G	293.61404260730836	253.46000563631407	GazeData TS:51851032
1463561957167	G	295.44211839722436	251.07254588017435	GazeData TS:51851048
1463561957197	G	294.75704781176734	253.51588553746143	GazeData TS:51851065
1463561957207	G	293.49259524863544	255.36800775316874	GazeData TS:51851081
1463561957227	G	292.8185193983128	253.92636204013303	GazeData TS:51851098
1463561957237	G	292.705624417069	255.15836863193107	GazeData TS:51851114
1463561957257	G	292.7294318293256	253.8067073456673	GazeData TS:51851131
1463561957267	G	292.36401974363054	254.45246212337605	GazeData TS:51851147
1463561957318	G	555.8776521249317	199.79548956903812	GazeData TS:51851198
1463561957338	G	559.1834240664966	205.24438450663172	GazeData TS:51851215
1463561957348	G	559.1878703618461	204.46998844460052	GazeData TS:51851231
1463561957368	G	557.3545068534465	206.1035792984408	GazeData TS:51851248
1463561957398	G	556.6784700579113	211.5002455239969	GazeData TS:51851264
1463561957398	G	554.5143972888925	212.455307789975	GazeData TS:51851280
1463561957429	G	554.1448537666945	213.6287692789116	GazeData TS:51851297
1463561957439	G	553.6150744216868	214.04928372513717	GazeData TS:51851314
1463561957459	G	553.2133053090892	214.5608030277353	GazeData TS:51851331
1463561957470	G	553.0994440485224	215.308440392453	GazeData TS:51851348
1463561957490	G	552.8000405112834	213.90412243869542	GazeData TS:51851364
1463561957541	G	449.6799296924173	243.0950896740996	GazeData TS:51851414
1463561957551	G	445.11751847829277	244.60974552695876	GazeData TS:51851431
1463561957572	G	448.50984855830217	245.63128431506692	GazeData TS:51851447
1463561957582	G	447.2006063171461	249.52489021163518	GazeData TS:51851464
1463561957602	G	448.2106626123215	250.5515734422272	GazeData TS:51851481
1463561957632	G	447.70241922343627	249.6017617799771	GazeData TS:51851498
1463561957633	G	448.0472535246093	249.86446033927842	GazeData TS:51851514
1463561957663	G	448.58936493364354	249.91353823299568	GazeData TS:51851531
1463561957673	G	448.93945684469236	250.53499590142758	GazeData TS:51851548
1463561957744	G	327.2015534035764	260.82860679990785	GazeData TS:51851614
1463561957754	G	323.5843582983525	255.6462589291698	GazeData TS:51851630
1463561957774	G	325.36116910774643	254.3592405728208	GazeData TS:51851647
1463561957784	G	326.0947932195066	256.0983012901327	GazeData TS:51851664
1463561957804	G	323.35478804493664	250.59420057910444	GazeData TS:51851680
1463561957834	G	323.65599822717905	252.55862779222167	GazeData TS:51851697
1463561957834	G	321.713342076911	250.13689651834466	GazeData TS:51851714
1463561957916	G	81.54200871458328	308.86757822721285	GazeData TS:51851781
1463561957916	G	79.96833878177479	307.5750451016112	GazeData TS:51851797
1463561957946	G	80.65863761366727	310.2574420466251	GazeData TS:51851814
1463561957977	G	81.00267775363284	309.121172477434	GazeData TS:51851847
1463561957987	G	75.65133224817082	303.0352190903759	GazeData TS:51851864
1463561958007	G	79.79812052594572	304.40854195050144	GazeData TS:51851880
1463561958017	G	79.53948380123614	308.00484652779363	GazeData TS:51851897
1463561958038	G	79.63073043788553	308.55203979606694	GazeData TS:51851913
1463561958048	G	80.27407046363668	309.7313201842951	GazeData TS:51851931
1463561958068	G	78.96123593573788	312.0545615347726	GazeData TS:51851947
1463561958099	G	76.48534382697716	312.4107894815947	GazeData TS:51851964
1463561958100	G	74.16823057546773	313.59892116688087	GazeData TS:51851980
1463561958119	G	71.33652290834293	312.6529496046987	GazeData TS:51851997
1463561958149	G	71.53456190602138	313.419143998229	GazeData TS:51852013
1463561958149	G	70.08887119850148	314.8227052013009	GazeData TS:51852030
1463561958220	G	440.8616809840276	441.6375535133735	GazeData TS:51852097
1463561958240	G	446.1585835470342	440.19718533669555	GazeData TS:51852113
1463561958260	G	449.29971649801575	438.66710279176925	GazeData TS:51852130
1463561958290	G	441.61648946809805	415.66576293677906	GazeData TS:51852163
1463561958301	G	449.3393011563439	419.8180553193656	GazeData TS:51852179
1463561958321	G	442.71564449834904	416.7625529835782	GazeData TS:51852197
1463561958351	G	446.524230716618	419.3986902498356	GazeData TS:51852214
1463561958351	G	447.0686088969925	419.16637157972264	GazeData TS:51852230
1463561958381	G	448.2782182948672	423.01179771268517	GazeData TS:51852247
1463561958381	G	448.1811775857759	424.2805306555978	GazeData TS:51852263
1463561958401	G	449.6766952418319	425.70633528782537	GazeData TS:51852280
1463561958431	G	449.724813162964	426.74966457826224	GazeData TS:51852296
1463561958432	G	449.4009892105184	428.5022803219941	GazeData TS:51852313
1463561958461	G	449.6452186195277	430.61876032206544	GazeData TS:51852329
1463561958541	G	224.8930110722504	490.2924929775796	GazeData TS:51852413
1463561958551	G	222.4702499904537	487.3430912831983	GazeData TS:51852430
1463561958602	G	218.64985231385307	508.7104348700377	GazeData TS:51852480
1463561958633	G	224.46116756328757	513.1197983217626	GazeData TS:51852496
1463561958633	G	226.1059392134229	515.1407137745937	GazeData TS:51852513
1463561958663	G	225.22647890913169	513.0115184919517	GazeData TS:51852529
1463561958663	G	228.37343702762342	511.4148873966053	GazeData TS:51852546
1463561958693	G	227.68782171764053	509.5727090812247	GazeData TS:51852563
1463561958755	G	147.38278394078222	574.2430894089368	GazeData TS:51852630
1463561958775	G	141.97425121052723	575.5318806459723	GazeData TS:51852646
1463561958785	G	142.39401665048086	582.0520340278129	GazeData TS:51852663
1463561958805	G	141.3203110482265	582.0300986562082	GazeData TS:51852680
1463561958815	G	140.56279389432797	580.952651389907	GazeData TS:51852696
1463561958835	G	141.6890081327277	583.0483866865857	GazeData TS:51852713
1463561958865	G	143.03330269836007	582.8983600288295	GazeData TS:51852729
1463561958865	G	147.5185545226233	578.6764712699643	GazeData TS:51852746
1463561958896	G	152.18970057968332	576.1015309124082	GazeData TS:51852763
1463561958916	G	155.26463618077926	570.0541203086958	GazeData TS:51852780
1463561958916	G	159.66386833809813	567.9486538829383	GazeData TS:51852796
1463561958946	G	163.77144020236258	567.7664347451896	GazeData TS:51852813
1463561958956	G	164.33557989904597	562.2931072254966	GazeData TS:51852829
1463561958976	G	165.60675892884632	559.57574877876	GazeData TS:51852846
1463561958986	G	166.3679498828358	555.6567618319032	GazeData TS:51852862
1463561959006	G	167.6707763278827	554.46631165153	GazeData TS:51852879
1463561959017	G	169.05744036960107	549.958949406255	GazeData TS:51852896
1463561959037	G	171.35289688387869	548.8040218991218	GazeData TS:51852913
1463561959058	G	172.5334623699081	546.9903818168269	GazeData TS:51852930
1463561959068	G	174.1441846325155	547.395719325686	GazeData TS:51852946
1463561959088	G	174.72046241128464	546.0094576094447	GazeData TS:51852963
1463561959098	G	176.8026743595518	544.7927906164381	GazeData TS:51852979
1463561959118	G	176.99086401693924	543.0520249740258	GazeData TS:51852996
1463561959198	G	116.2283069163223	670.2650566621888	GazeData TS:51853062
1463561959199	G	118.15846639636176	670.1040432897948	GazeData TS:51853079
1463561959229	G	119.45713360165668	669.5394110143134	GazeData TS:51853096
1463561959238	G	117.17683879887724	667.3307792553389	GazeData TS:51853112
1463561959259	G	117.80206319929887	665.7376127192604	GazeData TS:51853129
1463561959301	G	460.88576798491374	740.0722112117099	GazeData TS:51853179
1463561959321	G	461.2339523998582	731.9742074014218	GazeData TS:51853196
1463561959443	G	515.6669871498984	727.5254907516231	GazeData TS:51853312
1463561959463	G	510.11655279059005	735.2506671885822	GazeData TS:51853329
1463561959463	G	504.6117749226782	739.7320062308352	GazeData TS:51853345
1463561959494	G	477.7156622659569	754.4068026454229	GazeData TS:51853362
1463561959524	G	485.10338386864345	752.0242360703073	GazeData TS:51853395
1463561959534	G	483.85183298733705	745.4033070263185	GazeData TS:51853412
1463561959557	G	481.720343976261	744.1707726888437	GazeData TS:51853428
1463561959564	G	478.7956908196069	744.0428380627682	GazeData TS:51853445
1463561959584	G	478.46536166764105	742.2342317977711	GazeData TS:51853462
1463561959615	G	477.52170210251586	740.5389692366455	GazeData TS:51853478
1463561959615	G	478.1689206250281	741.9892298935024	GazeData TS:51853495
1463561959635	G	481.3059571096614	745.5894857884911	GazeData TS:51853512
1463561959645	G	483.45356389760866	749.5460862124082	GazeData TS:51853528
1463561959666	G	484.60277205697196	748.8499318257948	GazeData TS:51853545
1463561959697	G	485.40158329331445	751.1501807404263	GazeData TS:51853561
1463561959697	G	486.43175556564773	752.2363947877843	GazeData TS:51853578
1463561959728	G	488.2323860925429	753.3170055115411	GazeData TS:51853595
1463561959738	G	488.53628898608366	754.1001209165348	GazeData TS:51853611
1463561959791	G	668.2686294751942	547.6659170591247	GazeData TS:51853662
1463561959801	G	666.7455035633756	551.0671519193255	GazeData TS:51853679
1463561959821	G	663.3709311912936	544.8228841104885	GazeData TS:51853695
1463561959832	G	660.9947358867144	536.9815561026737	GazeData TS:51853712
1463561959852	G	657.639653587686	538.2323355963707	GazeData TS:51853728
1463561959863	G	655.6449722234835	536.5080330507878	GazeData TS:51853745
1463561959883	G	652.562466198891	538.5856805241091	GazeData TS:51853761
1463561959913	G	653.228414975121	538.5904602298627	GazeData TS:51853778
1463561959913	G	654.2620585457535	538.8648960399213	GazeData TS:51853794
1463561959944	G	654.8459157557423	538.111960137582	GazeData TS:51853811
1463561959954	G	655.3376995563319	538.6238266941027	GazeData TS:51853829
1463561959994	G	742.5510630900694	537.7595848579102	GazeData TS:51853878
1463561960024	G	745.6439967151786	533.7997931026764	GazeData TS:51853895
1463561960034	G	746.8339606851872	532.7114021976732	GazeData TS:51853911
1463561960055	G	748.407365362686	532.7315856699686	GazeData TS:51853928
1463561960065	G	745.7360089105201	535.9541367951138	GazeData TS:51853945
1463561960086	G	745.8155752517333	537.6591277857576	GazeData TS:51853962
1463561960096	G	745.5269780469522	538.8590613527222	GazeData TS:51853979
1463561960116	G	747.7899205166592	535.6967887729722	GazeData TS:51853995
1463561960146	G	747.8756255746512	533.1479996328127	GazeData TS:51854012
1463561960146	G	744.9667972613946	533.7287173206463	GazeData TS:51854028
1463561960166	G	738.2666830074677	532.7829664032274	GazeData TS:51854045
1463561960196	G	732.130139818927	529.1334593734651	GazeData TS:51854062
1463561960196	G	726.960795926835	527.4675916271265	GazeData TS:51854078
1463561960227	G	722.4240501829427	526.772020585242	GazeData TS:51854095
1463561960237	G	717.4700212176426	527.7120623727287	GazeData TS:51854111
1463561960257	G	712.5901702125624	528.5748717145513	GazeData TS:51854128
1463561960267	G	709.0982527046988	528.2483937990214	GazeData TS:51854144
1463561960287	G	705.8976328859269	527.5382058815115	GazeData TS:51854161
1463561960297	G	703.4217953050395	526.0503084518023	GazeData TS:51854177
1463561960368	G	676.5635342601281	404.4921092679234	GazeData TS:51854245
1463561960399	G	673.3099849104935	406.83411778444724	GazeData TS:51854261
1463561960399	G	673.5241878180326	403.6168881709777	GazeData TS:51854278
1463561960429	G	672.4594978104806	405.1238053951852	GazeData TS:51854295
1463561960429	G	671.386102574446	403.1369324628395	GazeData TS:51854311
1463561960459	G	669.3818893083865	400.4693760418571	GazeData TS:51854328
1463561960469	G	667.8952406182965	400.4730734101305	GazeData TS:51854344
1463561960491	G	666.3004579507049	401.20787441106836	GazeData TS:51854360
1463561960513	G	665.2030980102736	400.8736877702894	GazeData TS:51854377
1463561960523	G	664.8602663930432	400.42983396921227	GazeData TS:51854394
1463561960533	G	664.3555058374407	400.90788257960253	GazeData TS:51854410
1463561960594	G	844.4247934824954	373.82236607098207	GazeData TS:51854477
1463561960615	G	840.8426566278436	374.68579684785055	GazeData TS:51854494
1463561960635	G	838.8147234929313	373.8807486115426	GazeData TS:51854510
1463561960645	G	837.5176775772621	376.4467737504528	GazeData TS:51854527
1463561960665	G	836.5274399378528	374.5831783920642	GazeData TS:51854544
1463561960695	G	836.0463292609077	376.1275144576805	GazeData TS:51854560
1463561960696	G	839.3503521821325	373.6035629858977	GazeData TS:51854577
1463561960726	G	840.0194858511242	374.50540562476095	GazeData TS:51854594
1463561960787	G	669.1532795457665	361.78822575869674	GazeData TS:51854660
1463561960797	G	668.421316671023	367.81708912576687	GazeData TS:51854677
1463561960817	G	667.8098583609101	364.5985671653972	GazeData TS:51854693
1463561960837	G	669.9691471186273	368.83404737867545	GazeData TS:51854710
1463561960847	G	668.9126099167144	371.0245304548163	GazeData TS:51854727
1463561960868	G	667.0223990843538	373.4574999789743	GazeData TS:51854744
1463561960878	G	665.9279087243096	370.9204616092826	GazeData TS:51854761
1463561960898	G	664.8323410306533	372.1398313104271	GazeData TS:51854778
1463561960929	G	665.1920026766	371.9340613288959	GazeData TS:51854794
1463561960929	G	664.5538921003323	370.3999513977086	GazeData TS:51854811
1463561960960	G	664.5746115657853	371.3698630231642	GazeData TS:51854827
1463561960970	G	664.6983016303066	371.53969589319195	GazeData TS:51854844
1463561960990	G	663.8924576740563	373.3708610210547	GazeData TS:51854861
1463561961010	G	664.0248419030921	375.09667961332957	GazeData TS:51854877
1463561961010	G	665.9881113376333	372.86845055613253	GazeData TS:51854894
1463561961070	G	709.4987089730889	293.97701365615615	GazeData TS:51854944
1463561961080	G	714.8236974420518	291.6941917494357	GazeData TS:51854960
1463561961100	G	715.4577446905004	292.8959025230238	GazeData TS:51854977
1463561961110	G	712.9217115783031	294.3908696643838	GazeData TS:51854994
1463561961131	G	712.0402295188117	295.8337936709209	GazeData TS:51855010
1463561961161	G	712.3693684252984	298.8850494105387	GazeData TS:51855027
1463561961161	G	710.8970319208688	299.3153235743497	GazeData TS:51855043
1463561961211	G	685.3334237223992	226.90558864830405	GazeData TS:51855093
1463561961242	G	682.5299595561524	226.7671837712963	GazeData TS:51855110
1463561961252	G	680.7003105354464	221.70825528511904	GazeData TS:51855126
1463561961272	G	680.896280382948	221.44758506192977	GazeData TS:51855143
1463561961283	G	681.8179002681327	219.9646861587388	GazeData TS:51855159
1463561961303	G	679.2198557739242	221.7510316338067	GazeData TS:51855177
1463561961323	G	677.5661419036135	221.8780990809588	GazeData TS:51855194
1463561961333	G	679.4290371106525	222.24338353285395	GazeData TS:51855210
1463561961353	G	680.8688074911548	222.55447590989917	GazeData TS:51855227
1463561961363	G	681.1543818741974	221.50151565265503	GazeData TS:51855243
1463561961383	G	680.5404487206696	220.67350980317707	GazeData TS:51855259
1463561961394	G	679.9070698463388	220.7969463480436	GazeData TS:51855276
1463561961415	G	678.1149680329728	221.01601786277433	GazeData TS:51855294
1463561961475	G	837.0436462173282	203.51190771411038	GazeData TS:51855343
1463561961485	G	834.4119016802558	211.00627977902013	GazeData TS:51855360
1463561961505	G	837.7255071759356	206.35206180044736	GazeData TS:51855376
1463561961510	G	837.3766599863173	208.89029689925417	GazeData TS:51855393
1463561961540	G	835.5695234504047	207.78298332784357	GazeData TS:51855410
1463561961550	G	833.7498249639966	210.1416179306462	GazeData TS:51855426
1463561961601	G	622.75823938467	204.8707901111952	GazeData TS:51855477
1463561961631	G	617.3873304255067	199.47303718620523	GazeData TS:51855510
1463561961651	G	613.3567612573373	199.00290847288034	GazeData TS:51855526
1463561961661	G	611.1035959264243	197.36896184009777	GazeData TS:51855543
1463561961681	G	609.8300758115606	196.6545397787178	GazeData TS:51855559
1463561961742	G	599.9749165883247	203.39000703256823	GazeData TS:51855609
1463561961752	G	599.8804530945191	203.75140245315094	GazeData TS:51855627
1463561961772	G	603.2370504159018	204.56106864329644	GazeData TS:51855643
1463561961782	G	602.1274579969975	200.66323011491028	GazeData TS:51855660
1463561961802	G	604.058526131926	200.4430797397996	GazeData TS:51855676
1463561961822	G	606.2273562465783	201.71625279074357	GazeData TS:51855693
1463561961832	G	605.4116983955037	201.39721896512938	GazeData TS:51855709
1463561961852	G	604.6154005204246	199.51351060132765	GazeData TS:51855726
1463561961862	G	603.7557062330746	200.17577507716288	GazeData TS:51855742
1463561961914	G	633.4069648926308	126.63240584674392	GazeData TS:51855792
1463561961946	G	628.6680839165448	125.45501665535929	GazeData TS:51855809
1463561961946	G	624.1444412823279	126.67860105434441	GazeData TS:51855825
1463561961976	G	625.5087544037659	127.2254278286278	GazeData TS:51855843
1463561961986	G	624.4979968064521	128.66480521993094	GazeData TS:51855860
1463561962007	G	621.1998024885727	127.95129217110781	GazeData TS:51855876
1463561962017	G	621.1510483191917	126.2503497602078	GazeData TS:51855893
1463561962037	G	621.7599846194164	124.8930061098306	GazeData TS:51855910
1463561962057	G	621.7982256501015	124.57216108424913	GazeData TS:51855926
1463561962067	G	622.635524984612	123.92481194820584	GazeData TS:51855942
1463561962087	G	623.2366643156861	124.4497389995981	GazeData TS:51855959
1463561962097	G	623.0090081119636	124.50476110872557	GazeData TS:51855976
1463561962178	G	504.59513231364843	201.9192814726776	GazeData TS:51856042
1463561962178	G	504.68908604355533	205.1457882830482	GazeData TS:51856059
1463561962198	G	504.3375437713793	202.65330760711407	GazeData TS:51856076
1463561962228	G	503.97047948979866	204.38096232533763	GazeData TS:51856093
1463561962228	G	505.8288429910506	205.84556246834165	GazeData TS:51856109
1463561962258	G	506.4784013409459	203.77753176494747	GazeData TS:51856126
1463561962268	G	506.43893194073235	205.1005067713058	GazeData TS:51856142
1463561962288	G	506.19203520119663	204.17364135065316	GazeData TS:51856159
1463561962298	G	507.8408502683134	205.19858024865414	GazeData TS:51856175
1463561962319	G	507.7415322871713	205.29854395214008	GazeData TS:51856192
1463561962330	G	507.93085811050435	205.50968686621613	GazeData TS:51856209
1463561962349	G	508.1303305851598	205.64285536702536	GazeData TS:51856226
1463561962369	G	508.7542505015345	203.85409339280062	GazeData TS:51856242
1463561962379	G	508.8974518176341	203.2017761873849	GazeData TS:51856259
1463561962399	G	508.5487635100843	202.3326876080623	GazeData TS:51856276
1463561962409	G	507.93776322207856	202.12849334685234	GazeData TS:51856292
1463561962429	G	502.98995184362497	202.4943574778887	GazeData TS:51856309
1463561962459	G	499.63717777469594	202.71210690463715	GazeData TS:51856326
1463561962459	G	494.7916848510344	202.50273626244942	GazeData TS:51856342
1463561962479	G	491.0892498343293	203.73083426592137	GazeData TS:51856359
1463561962509	G	488.1456397630579	204.61373741789893	GazeData TS:51856375
1463561962509	G	484.9652131423181	205.9061091067515	GazeData TS:51856392
1463561962540	G	481.4675931814465	205.89288211596153	GazeData TS:51856408
1463561962550	G	478.6428369004992	206.90605688946732	GazeData TS:51856426
1463561962570	G	474.89155731428605	205.97169872097805	GazeData TS:51856442
1463561962580	G	471.6859954728518	206.50240249837282	GazeData TS:51856459
1463561962600	G	468.91047211708906	205.8925857359152	GazeData TS:51856475
1463561962610	G	472.24970617314307	206.0001460083829	GazeData TS:51856492
1463561962630	G	476.66643063284494	205.46812525034727	GazeData TS:51856508
1463561962650	G	481.17367727854366	205.52386539641964	GazeData TS:51856525
1463561962661	G	485.02610376997757	205.20182239797106	GazeData TS:51856541
1463561962681	G	489.2494732892938	205.12380371177204	GazeData TS:51856559
1463561962711	G	493.36519528626184	205.0626797988592	GazeData TS:51856575
1463561962711	G	497.7906485276175	204.7937254323012	GazeData TS:51856591
1463561962742	G	502.62265463568866	203.96112967516262	GazeData TS:51856608
1463561962742	G	507.17503503280943	203.52672590987913	GazeData TS:51856626
1463561962772	G	512.1059618565258	203.07696893581146	GazeData TS:51856642
1463561962792	G	516.4555345879314	202.94863244265542	GazeData TS:51856659
1463561962792	G	520.6887948546183	202.3708468508076	GazeData TS:51856675
1463561962823	G	525.050699960198	202.02941455367846	GazeData TS:51856692
1463561962833	G	527.5445354557232	201.06125204102676	GazeData TS:51856709
1463561962853	G	532.3203743109441	200.64371117440191	GazeData TS:51856725
1463561962893	G	569.9174342396443	210.9980106180331	GazeData TS:51856775
1463561962913	G	564.013379906999	212.452030101846	GazeData TS:51856791
1463561962944	G	561.5336313436799	209.53627633934968	GazeData TS:51856809
1463561962944	G	566.6794802351034	209.96700655165472	GazeData TS:51856825
1463561962975	G	569.2339944086775	209.8220786576229	GazeData TS:51856842
1463561962975	G	569.9324766637012	210.2463659584256	GazeData TS:51856858
1463561963005	G	570.4061053809593	211.08535600102675	GazeData TS:51856875
1463561963066	G	467.8637360035655	269.2592617785347	GazeData TS:51856941
1463561963087	G	471.5675827433843	269.5645766489	GazeData TS:51856958
1463561963096	G	472.2474841212584	271.20683025548226	GazeData TS:51856975
1463561963116	G	473.2980223050094	267.69557821788464	GazeData TS:51856991
1463561963126	G	474.57114797391586	266.43161416769345	GazeData TS:51857008
1463561963146	G	474.1080626585912	268.6681900830097	GazeData TS:51857024
1463561963166	G	474.8202998180944	269.060334919108	GazeData TS:51857041
1463561963176	G	474.4325526496269	269.9535689616285	GazeData TS:51857058
1463561963197	G	474.35951029029616	269.6141235520421	GazeData TS:51857074
1463561963207	G	473.81227401901293	270.21139658701844	GazeData TS:51857092
1463561963228	G	474.0479363855264	269.6234380936174	GazeData TS:51857108
1463561963258	G	474.5696786039136	269.8110642385291	GazeData TS:51857125
1463561963258	G	475.19177332841633	268.7523714820985	GazeData TS:51857141
1463561963288	G	474.92266941319446	268.71940257227084	GazeData TS:51857158
1463561963298	G	474.9549963855701	269.31497334965076	GazeData TS:51857174
1463561963318	G	475.3471327746003	269.7927014821625	GazeData TS:51857191
1463561963369	G	707.9545648204246	120.7450343223424	GazeData TS:51857241
1463561963379	G	711.7027471491962	120.59535812616576	GazeData TS:51857258
1463561963399	G	712.9142898227284	120.1571921969769	GazeData TS:51857275
1463561963409	G	711.7273136435678	120.04440573258371	GazeData TS:51857291
1463561963460	G	710.122862011037	111.81999410186634	GazeData TS:51857341
1463561963479	G	707.9463319361381	112.91820112991672	GazeData TS:51857358
1463561963509	G	711.5549888883014	113.8627038319032	GazeData TS:51857374
1463561963510	G	710.3682519794496	112.88538032891893	GazeData TS:51857391
1463561963539	G	710.8985485518293	115.14201884966548	GazeData TS:51857407
1463561963549	G	709.9456254133221	116.32739109113709	GazeData TS:51857424
1463561963569	G	712.438732748465	117.72640912157118	GazeData TS:51857441
1463561963579	G	713.6933831179495	118.00716304591738	GazeData TS:51857457
1463561963599	G	715.1472612662054	117.90380587812496	GazeData TS:51857474
1463561963619	G	715.3776568551957	117.65322544238765	GazeData TS:51857491
1463561963630	G	715.6845443682379	117.27600970594933	GazeData TS:51857507
1463561963651	G	715.3364323561888	117.87114933647787	GazeData TS:51857524
1463561963661	G	714.7228052502525	117.93894398840462	GazeData TS:51857540
1463561963681	G	715.6544230277887	117.25990330360425	GazeData TS:51857557
1463561963691	G	715.9214126417562	118.02891889862414	GazeData TS:51857574
1463561963741	G	787.8013311909093	103.91018099656762	GazeData TS:51857624
1463561963771	G	791.1819861601645	101.14064417882668	GazeData TS:51857640
1463561963791	G	795.086477696765	99.14818683492021	GazeData TS:51857657
1463561963791	G	794.7312036364757	100.42357930228724	GazeData TS:51857673
1463561963822	G	793.922508767648	100.03375423011953	GazeData TS:51857690
1463561963832	G	793.9710495045955	99.62958249579495	GazeData TS:51857708
1463561963852	G	793.3137836886837	99.13394481851728	GazeData TS:51857724
1463561963863	G	793.0533501873933	98.5754026314707	GazeData TS:51857741
1463561963943	G	415.7535405069065	115.4444125138836	GazeData TS:51857824
1463561963963	G	414.1950356525702	116.07097910434908	GazeData TS:51857840
1463561963993	G	393.11112063883843	110.22106611925535	GazeData TS:51857873
1463561964024	G	393.73860614316254	118.73717774434283	GazeData TS:51857906
1463561964055	G	397.308899301157	118.23971187715574	GazeData TS:51857923
1463561964065	G	397.2983948109869	118.44599793715713	GazeData TS:51857941
1463561964085	G	399.0111799598275	117.2722959420515	GazeData TS:51857957
1463561964095	G	400.8499643492174	116.35747339198277	GazeData TS:51857974
1463561964115	G	401.2182597915186	116.71611898134066	GazeData TS:51857991
1463561964135	G	402.8504173409996	117.20280990090691	GazeData TS:51858007
1463561964145	G	401.925268040135	117.7912440996923	GazeData TS:51858024
1463561964165	G	403.17014255843395	118.1439386998583	GazeData TS:51858040
1463561964176	G	404.1549460199868	117.66632353855752	GazeData TS:51858057
1463561964196	G	403.78215485144136	117.05800131568304	GazeData TS:51858074
1463561964228	G	404.00317239352165	116.89193707605716	GazeData TS:51858107
1463561964228	G	404.02787715795137	116.8315821668418	GazeData TS:51858090
1463561964257	G	402.8383578994666	116.72566725648605	GazeData TS:51858124
1463561964258	G	402.5104467874654	116.35509494088822	GazeData TS:51858140
1463561964338	G	230.22539605385523	90.57805098658659	GazeData TS:51858207
1463561964348	G	226.0554052084849	90.81833220807127	GazeData TS:51858223
1463561964368	G	225.97888904459106	93.99108228346931	GazeData TS:51858240
1463561964378	G	222.14014640722093	91.66746809009065	GazeData TS:51858257
1463561964398	G	223.45392428834097	93.20430623294693	GazeData TS:51858273
1463561964408	G	221.85485282225497	93.78856962884973	GazeData TS:51858290
1463561964428	G	221.94853211704788	94.12804178988536	GazeData TS:51858306
1463561964458	G	223.38832715648985	94.01133574438332	GazeData TS:51858323
1463561964458	G	223.182077812678	93.39826779406083	GazeData TS:51858340
1463561964478	G	222.04188171563493	93.31195761791282	GazeData TS:51858356
1463561964509	G	222.38577583257268	93.34344507230745	GazeData TS:51858373
1463561964509	G	221.83443241313446	93.0114141420962	GazeData TS:51858390
1463561964540	G	221.2427770356412	92.95384207017453	GazeData TS:51858406
1463561964540	G	221.04146911650773	92.95791557347518	GazeData TS:51858423
1463561964570	G	220.8158177693436	92.43656575145243	GazeData TS:51858440
1463561964580	G	220.35131716853027	92.20012861383559	GazeData TS:51858456
1463561964601	G	220.59391115246027	92.43639428204865	GazeData TS:51858473
1463561964611	G	220.0560655908087	92.18531503383088	GazeData TS:51858490
1463561964779	G	822.9732557898626	351.782828806305	GazeData TS:51858639
1463561964779	G	822.1355929338653	348.2535940034516	GazeData TS:51858656
1463561964805	G	823.1087970367661	345.03038914400423	GazeData TS:51858673
1463561964816	G	822.5847947704141	347.44234713845475	GazeData TS:51858689
1463561964836	G	823.0055666791932	345.3062212659263	GazeData TS:51858707
1463561964846	G	823.7503376900872	343.3490551226745	GazeData TS:51858723
1463561964866	G	821.7002335710216	344.7026537105646	GazeData TS:51858740
1463561964876	G	820.9071127328742	344.85449644945874	GazeData TS:51858756
1463561964896	G	820.9371606914184	343.5463814752039	GazeData TS:51858773
1463561964916	G	820.1669431485608	345.5994906339982	GazeData TS:51858789
1463561964957	G	860.4823534399642	527.6344841746468	GazeData TS:51858839
1463561964977	G	859.7009879221281	536.8217280859863	GazeData TS:51858856
1463561964987	G	854.5153442514609	545.5496324848446	GazeData TS:51858872
1463561965008	G	855.3463053036094	546.7968544204942	GazeData TS:51858890
1463561965039	G	854.0950027436737	549.4686729259236	GazeData TS:51858906
1463561965049	G	854.0024493456019	548.4908164816848	GazeData TS:51858923
1463561965069	G	851.7810412635527	551.2701115905551	GazeData TS:51858939
1463561965079	G	849.9925068317319	553.7169320289764	GazeData TS:51858956
1463561965099	G	849.4401803893203	556.114537025571	GazeData TS:51858972
1463561965119	G	847.5984404352533	559.8111420013296	GazeData TS:51858989
1463561965129	G	849.1119264872389	559.2317859228847	GazeData TS:51859006
1463561965149	G	852.7224955156494	556.4528170721245	GazeData TS:51859022
1463561965159	G	855.758630883286	549.3497816449018	GazeData TS:51859039
1463561965179	G	859.311538844145	543.9136578241452	GazeData TS:51859055
1463561965190	G	862.1789045604298	538.508662140715	GazeData TS:51859073
1463561965210	G	864.6879511082448	532.6947310587852	GazeData TS:51859090
1463561965240	G	867.2896212775754	528.950799390363	GazeData TS:51859106
1463561965240	G	870.2524357814254	523.0210253915727	GazeData TS:51859123
1463561965260	G	872.1903845853686	518.0486711589349	GazeData TS:51859139
1463561965290	G	873.8275709824773	514.4224265216559	GazeData TS:51859156
1463561965290	G	875.3450808191503	512.8900968274489	GazeData TS:51859172
1463561965320	G	877.8032270787996	509.6218799054751	GazeData TS:51859189
1463561965330	G	879.6632809678463	505.85882915690763	GazeData TS:51859205
1463561965351	G	881.5646255388708	506.0633110653639	GazeData TS:51859222
1463561965361	G	883.4630092098362	510.0481732884349	GazeData TS:51859239
1463561965381	G	885.6378375710423	512.7678301846988	GazeData TS:51859256
1463561965402	G	887.1700794122077	516.3681689006826	GazeData TS:51859273
1463561965411	G	889.5639031599964	519.1240003311287	GazeData TS:51859289
1463561965431	G	891.2633344671441	523.8375766422313	GazeData TS:51859306
1463561965441	G	893.159112174451	527.9270820152836	GazeData TS:51859322
1463561965461	G	894.2860109035331	531.9321679817721	GazeData TS:51859339
1463561965492	G	895.6280408613635	535.8095697542133	GazeData TS:51859356
1463561965492	G	897.194022525928	539.1168534321461	GazeData TS:51859372
1463561965522	G	898.6020554723603	541.4730588189757	GazeData TS:51859389
1463561965532	G	899.6770882996602	543.9847457574515	GazeData TS:51859406
1463561965552	G	900.468889798521	547.7117459815114	GazeData TS:51859422
1463561965572	G	900.7178489543942	551.3169826979488	GazeData TS:51859439
1463561965582	G	901.1563730288614	557.2346801871374	GazeData TS:51859455
1463561965602	G	901.4974900954578	559.6479307958449	GazeData TS:51859472
1463561965612	G	901.6774819332437	565.0301247374483	GazeData TS:51859489
1463561965632	G	901.4283604431184	569.296288871867	GazeData TS:51859505
1463561965642	G	900.3940703325915	572.2713809545587	GazeData TS:51859522
1463561965662	G	898.9869063075124	577.0660938132476	GazeData TS:51859539
1463561965682	G	899.2335895498936	579.1662401935283	GazeData TS:51859555
1463561965742	G	901.3714054838881	511.23775434778815	GazeData TS:51859622
1463561965772	G	900.4954497321477	511.6412943683728	GazeData TS:51859638
1463561965772	G	898.4750192925461	511.9309603144789	GazeData TS:51859655
1463561965802	G	895.8537262680819	512.6615051915117	GazeData TS:51859672
1463561965822	G	899.3431303047327	510.497752720596	GazeData TS:51859688
1463561965822	G	897.9592598781638	511.7477096895504	GazeData TS:51859705
1463561965852	G	899.5928501759033	510.5888922718116	GazeData TS:51859722
1463561965862	G	899.1181262487596	512.9553517419783	GazeData TS:51859738
1463561965882	G	900.3213419272023	512.9518075412853	GazeData TS:51859755
1463561965892	G	899.634338118821	513.7934533906194	GazeData TS:51859772
1463561965912	G	897.8337447547838	515.4094839232673	GazeData TS:51859788
1463561965923	G	899.7222089533761	511.9198726470049	GazeData TS:51859805
1463561965943	G	899.4923643592251	510.99070457706	GazeData TS:51859822
1463561965974	G	899.4377847961891	510.67781040344465	GazeData TS:51859838
1463561965974	G	899.1580169109145	511.5003457501123	GazeData TS:51859855
1463561965994	G	898.7717197636009	512.0215629637133	GazeData TS:51859871
1463561966024	G	899.4797297448771	511.6022766316772	GazeData TS:51859888
1463561966024	G	898.8688419938328	510.8114667217433	GazeData TS:51859904
1463561966054	G	899.6240007528701	511.5761623138447	GazeData TS:51859921
1463561966064	G	901.1433200889496	508.7071231357571	GazeData TS:51859938
1463561966084	G	900.9772863159159	507.60924900042664	GazeData TS:51859954
1463561966095	G	901.1368780354421	508.1234123126851	GazeData TS:51859971
1463561966115	G	901.974680242235	506.42537042027357	GazeData TS:51859988
1463561966175	G	898.2988788994835	611.0438989059429	GazeData TS:51860055
1463561966196	G	898.0515223037947	619.5089480191764	GazeData TS:51860072
1463561966206	G	901.4363544447315	618.193028009444	GazeData TS:51860088
1463561966226	G	901.9537507169168	622.0855703520344	GazeData TS:51860105
1463561966257	G	901.6767594790489	625.5756085850426	GazeData TS:51860122
1463561966258	G	900.6821184788964	626.673178729583	GazeData TS:51860138
1463561966287	G	901.5157298178033	626.5108550900015	GazeData TS:51860155
1463561966307	G	900.9695094884222	625.4815962666282	GazeData TS:51860172
1463561966307	G	902.0372875551574	624.2648282874732	GazeData TS:51860188
1463561966337	G	902.736307169659	621.0198489330562	GazeData TS:51860205
1463561966347	G	901.0099330402281	620.6707930234228	GazeData TS:51860221
1463561966367	G	901.8637312866846	621.9435163063083	GazeData TS:51860238
1463561966377	G	901.8447925090176	619.5791308768084	GazeData TS:51860254
1463561966397	G	901.1263370842464	621.063064916167	GazeData TS:51860271
1463561966542	G	410.32755945526793	804.2415806818711	GazeData TS:51860421
1463561966571	G	410.6225601006535	804.7415511098452	GazeData TS:51860437
1463561966601	G	438.9631489808526	795.0899785532109	GazeData TS:51860471
1463561966681	G	463.7914627761295	752.9837380491485	GazeData TS:51860554
1463561966803	G	419.62592801187617	814.227901681189	GazeData TS:51860670
1463561966813	G	412.0840897015964	824.9984209788395	GazeData TS:51860687
1463561966974	G	395.67429049414415	567.8364137314691	GazeData TS:51860837
1463561966974	G	389.21154450229017	568.0937129375917	GazeData TS:51860854
1463561966994	G	380.8719583230033	563.7339173536553	GazeData TS:51860871
1463561967024	G	377.7185231085215	563.3578926457793	GazeData TS:51860887
1463561967024	G	377.6216793682008	564.520152909365	GazeData TS:51860904
1463561967054	G	375.5087132539445	563.5119460277655	GazeData TS:51860921
1463561967054	G	375.2006237766107	561.2154990257202	GazeData TS:51860937
1463561967084	G	376.36988594236067	560.8703129193789	GazeData TS:51860954
1463561967104	G	374.7422499258483	560.342470796318	GazeData TS:51860971
1463561967104	G	376.5526387303833	561.7316366414829	GazeData TS:51860987
1463561967134	G	375.90163463139294	561.3193949337121	GazeData TS:51861004
1463561967144	G	376.14379467775746	562.47238915907	GazeData TS:51861020
1463561967164	G	375.4817701915004	559.6620340058588	GazeData TS:51861037
1463561967174	G	376.41216099594095	559.5304168512037	GazeData TS:51861054
1463561967194	G	376.84113591880447	560.5875318418307	GazeData TS:51861070
